day,dest cou,Seats,Population Density,Countries
2021-11-01,AE,1514.9022988505749,69.13588516746411,United Arab Emirates (the)
2021-11-01,BE,106.03352490421456,370.9372707023061,Belgium
2021-11-01,BH,680.1676245210729,1771.8592105263158,Bahrain
2021-11-01,CH,75.0,196.76405746541656,Switzerland
2021-11-01,DE,335.0,226.4689795026637,Germany
2021-11-01,FR,106.03352490421456,103.37630106197412,France
2021-11-01,GB,106.03352490421456,263.0771396904889,United Kingdom of Great Britain and Northern Ireland (the)
2021-11-01,HK,212.06704980842912,6445.041516245487,Hong Kong
2021-11-01,IN,318.10057471264366,380.7713541630226,India
2021-11-01,LB,106.03352490421456,594.6827884615385,Lebanon
2021-11-01,MT,106.03352490421456,1310.01582278481,Malta
2021-11-01,NL,252.53352490421457,407.9605228317647,Netherlands (the)
2021-11-01,PH,167.5,336.6612533333333,Philippines (the)
2021-11-01,QA,318.10057471264366,189.43699292249264,Qatar
2021-11-01,SA,1135.234674329502,12.909915383148268,Saudi Arabia
2021-11-01,UA,212.06704980842912,73.61357136939773,Ukraine
2021-11-02,AE,75.0,69.13588516746411,United Arab Emirates (the)
2021-11-02,BE,106.03352490421456,370.9372707023061,Belgium
2021-11-02,CA,106.03352490421456,3.515372666297434,Canada
2021-11-02,DE,335.0,226.4689795026637,Germany
2021-11-02,GB,106.03352490421456,263.0771396904889,United Kingdom of Great Britain and Northern Ireland (the)
2021-11-02,IT,58.0,205.2668746266676,Italy
2021-11-02,SA,474.1005747126437,12.909915383148268,Saudi Arabia
2021-11-03,AE,379.5670498084292,69.13588516746411,United Arab Emirates (the)
2021-11-03,BH,424.13409961685824,1771.8592105263158,Bahrain
2021-11-03,DE,273.5335249042146,226.4689795026637,Germany
2021-11-03,GB,212.06704980842912,263.0771396904889,United Kingdom of Great Britain and Northern Ireland (the)
2021-11-03,HK,106.03352490421456,6445.041516245487,Hong Kong
2021-11-03,IN,318.10057471264366,380.7713541630226,India
2021-11-03,PH,106.03352490421456,336.6612533333333,Philippines (the)
2021-11-03,SA,668.0670498084291,12.909915383148268,Saudi Arabia
2021-11-03,SG,106.03352490421456,8141.279770444763,Singapore
2021-11-04,AE,262.0335249042146,69.13588516746411,United Arab Emirates (the)
2021-11-04,BH,106.03352490421456,1771.8592105263158,Bahrain
2021-11-04,DE,248.5,226.4689795026637,Germany
2021-11-04,EG,106.03352490421456,88.3592750511758,Egypt
2021-11-04,IN,106.03352490421456,380.7713541630226,India
2021-11-04,SA,566.0670498084291,12.909915383148268,Saudi Arabia
2021-11-05,BE,106.03352490421456,370.9372707023061,Belgium
2021-11-05,BH,212.06704980842912,1771.8592105263158,Bahrain
2021-11-05,EG,348.5335249042146,88.3592750511758,Egypt
2021-11-05,GR,58.0,81.66026053941815,Greece
2021-11-05,IN,106.03352490421456,380.7713541630226,India
2021-11-05,SA,393.0,12.909915383148268,Saudi Arabia
2021-11-06,AE,645.6340996168583,69.13588516746411,United Arab Emirates (the)
2021-11-06,BH,499.13409961685824,1771.8592105263156,Bahrain
2021-11-06,DE,106.03352490421456,226.4689795026637,Germany
2021-11-06,FR,63.0,103.37630106197412,France
2021-11-06,GB,106.03352490421456,263.0771396904889,United Kingdom of Great Britain and Northern Ireland (the)
2021-11-06,IT,106.03352490421456,205.2668746266676,Italy
2021-11-06,KR,106.03352490421456,492.531046931408,Korea (the Republic of)
2021-11-06,QA,106.03352490421456,189.43699292249264,Qatar
2021-11-06,SA,187.03352490421457,12.909915383148268,Saudi Arabia
2021-11-06,TR,106.03352490421456,101.35033220089797,Turkey
2021-11-06,US,106.03352490421456,32.70372369087204,United States of America (the)
2021-11-07,DE,167.5,226.4689795026637,Germany
2021-11-07,FR,106.03352490421456,103.37630106197412,France
2021-11-07,GB,106.03352490421456,263.0771396904889,United Kingdom of Great Britain and Northern Ireland (the)
2021-11-07,IN,335.0,380.7713541630226,India
2021-11-08,SA,156.0,12.909915383148268,Saudi Arabia
2021-11-09,AE,496.0670498084292,69.13588516746411,United Arab Emirates (the)
2021-11-09,BH,409.5670498084292,1771.8592105263158,Bahrain
2021-11-09,GR,106.03352490421456,81.66026053941815,Greece
2021-11-09,IN,106.03352490421456,380.7713541630226,India
2021-11-09,KR,106.03352490421456,492.531046931408,Korea (the Republic of)
2021-11-09,MA,106.03352490421456,74.6225484268279,Morocco
2021-11-09,QA,212.06704980842912,189.43699292249264,Qatar
2021-11-10,AE,287.06704980842915,69.13588516746411,United Arab Emirates (the)
2021-11-10,BH,499.13409961685824,1771.8592105263156,Bahrain
2021-11-10,CH,75.0,196.76405746541656,Switzerland
2021-11-10,DE,167.5,226.4689795026637,Germany
2021-11-10,FR,106.03352490421456,103.37630106197412,France
2021-11-10,GB,108.0,263.0771396904889,United Kingdom of Great Britain and Northern Ireland (the)
2021-11-10,HR,63.0,78.89253277732622,Croatia
2021-11-10,IN,541.5670498084291,380.7713541630226,India
2021-11-10,PH,106.03352490421456,336.6612533333333,Philippines (the)
2021-11-10,QA,106.03352490421456,189.43699292249264,Qatar
2021-11-10,UA,106.03352490421456,73.61357136939773,Ukraine
2021-11-10,US,106.03352490421456,32.70372369087204,United States of America (the)
2021-11-11,AE,212.06704980842912,69.13588516746411,United Arab Emirates (the)
2021-11-11,BH,212.06704980842912,1771.8592105263158,Bahrain
2021-11-11,CH,181.03352490421457,196.76405746541656,Switzerland
2021-11-11,DE,379.5670498084292,226.4689795026637,Germany
2021-11-11,EG,81.0,88.3592750511758,Egypt
2021-11-11,FR,75.0,103.37630106197412,France
2021-11-11,IN,441.0335249042146,380.7713541630226,India
2021-11-11,KR,106.03352490421456,492.531046931408,Korea (the Republic of)
2021-11-11,NL,106.03352490421456,407.9605228317647,Netherlands (the)
2021-11-11,PH,167.5,336.6612533333333,Philippines (the)
2021-11-11,ZA,106.03352490421456,44.02920457062235,South Africa
2021-11-12,AE,199.03352490421457,69.13588516746411,United Arab Emirates (the)
2021-11-12,DE,167.5,226.4689795026637,Germany
2021-11-12,GB,106.03352490421456,263.0771396904889,United Kingdom of Great Britain and Northern Ireland (the)
2021-11-12,IT,75.0,205.2668746266676,Italy
2021-11-12,PH,106.03352490421456,336.6612533333333,Philippines (the)
2021-11-12,SG,106.03352490421456,8141.279770444763,Singapore
2021-11-12,US,106.03352490421456,32.70372369087204,United States of America (the)
2021-11-13,AE,274.0335249042146,69.13588516746411,United Arab Emirates (the)
2021-11-13,BD,106.03352490421456,1173.3339699162489,Bangladesh
2021-11-13,BH,455.1005747126437,1771.8592105263156,Bahrain
2021-11-13,DE,181.03352490421457,226.4689795026637,Germany
2021-11-13,GB,212.06704980842912,263.0771396904889,United Kingdom of Great Britain and Northern Ireland (the)
2021-11-13,IN,273.5335249042146,380.7713541630226,India
2021-11-13,KR,106.03352490421456,492.531046931408,Korea (the Republic of)
2021-11-13,MA,106.03352490421456,74.6225484268279,Morocco
2021-11-13,NL,106.03352490421456,407.9605228317647,Netherlands (the)
2021-11-13,QA,106.03352490421456,189.43699292249264,Qatar
2021-11-14,AE,212.06704980842912,69.13588516746411,United Arab Emirates (the)
2021-11-14,BD,212.06704980842912,1173.3339699162489,Bangladesh
2021-11-14,BH,347.56704980842915,1771.8592105263158,Bahrain
2021-11-14,DE,348.5335249042146,226.4689795026637,Germany
2021-11-14,GB,106.03352490421456,263.0771396904889,United Kingdom of Great Britain and Northern Ireland (the)
2021-11-14,HK,106.03352490421456,6445.041516245487,Hong Kong
2021-11-14,HR,63.0,78.89253277732622,Croatia
2021-11-14,IN,485.6005747126437,380.7713541630226,India
2021-11-14,IT,106.03352490421456,205.2668746266676,Italy
2021-11-14,MT,75.0,1310.01582278481,Malta
2021-11-14,NL,106.03352490421456,407.9605228317647,Netherlands (the)
2021-11-14,PL,89.0,123.3259958104802,Poland
2021-11-14,US,106.03352490421456,32.70372369087204,United States of America (the)
2021-11-15,AE,212.06704980842912,69.13588516746411,United Arab Emirates (the)
2021-11-15,BE,106.03352490421456,370.9372707023061,Belgium
2021-11-15,BH,199.03352490421457,1771.8592105263158,Bahrain
2021-11-15,CH,75.0,196.76405746541656,Switzerland
2021-11-15,DE,167.5,226.4689795026637,Germany
2021-11-15,GB,106.03352490421456,263.0771396904889,United Kingdom of Great Britain and Northern Ireland (the)
2021-11-15,HK,212.06704980842912,6445.041516245487,Hong Kong
2021-11-15,IN,106.03352490421456,380.7713541630226,India
2021-11-15,IT,106.03352490421456,205.2668746266676,Italy
2021-11-15,NL,187.03352490421457,407.9605228317647,Netherlands (the)
2021-11-15,QA,106.03352490421456,189.43699292249264,Qatar
2021-11-15,SA,106.03352490421456,12.909915383148268,Saudi Arabia
2021-11-15,SG,106.03352490421456,8141.279770444763,Singapore
2021-11-15,UA,106.03352490421456,73.61357136939773,Ukraine
2021-11-16,AE,452.0,69.13588516746411,United Arab Emirates (the)
2021-11-16,AU,167.5,2.938944249097688,Australia
2021-11-16,BD,106.03352490421456,1173.3339699162489,Bangladesh
2021-11-16,BE,106.03352490421456,370.9372707023061,Belgium
2021-11-16,BH,424.13409961685824,1771.8592105263158,Bahrain
2021-11-16,DE,167.5,226.4689795026637,Germany
2021-11-16,EG,167.5,88.3592750511758,Egypt
2021-11-16,ES,106.03352490421456,95.2690781011932,Spain
2021-11-16,FR,106.03352490421456,103.37630106197412,France
2021-11-16,HK,106.03352490421456,6445.041516245487,Hong Kong
2021-11-16,IN,273.5335249042146,380.7713541630226,India
2021-11-16,LB,75.0,594.6827884615385,Lebanon
2021-11-16,MA,106.03352490421456,74.6225484268279,Morocco
2021-11-16,NL,146.5,407.9605228317647,Netherlands (the)
2021-11-16,QA,212.06704980842912,189.43699292249264,Qatar
2021-11-16,SA,460.5670498084292,12.909915383148268,Saudi Arabia
2021-11-16,TR,106.03352490421456,101.35033220089797,Turkey
2021-11-18,AE,106.03352490421456,69.13588516746411,United Arab Emirates (the)
2021-11-19,BD,212.06704980842912,1173.3339699162489,Bangladesh
2021-11-19,BH,318.10057471264366,1771.8592105263158,Bahrain
2021-11-19,DE,167.5,226.4689795026637,Germany
2021-11-19,FR,106.03352490421456,103.37630106197412,France
2021-11-19,GB,168.03352490421457,263.0771396904889,United Kingdom of Great Britain and Northern Ireland (the)
2021-11-19,HK,106.03352490421456,6445.041516245487,Hong Kong
2021-11-19,IN,273.5335249042146,380.7713541630226,India
2021-11-19,IT,212.06704980842912,205.2668746266676,Italy
2021-11-19,LB,106.03352490421456,594.6827884615385,Lebanon
2021-11-19,MT,62.0,1310.01582278481,Malta
2021-11-19,NL,106.03352490421456,407.9605228317647,Netherlands (the)
2021-11-19,QA,106.03352490421456,189.43699292249264,Qatar
2021-11-19,SA,63.0,12.909915383148268,Saudi Arabia
2021-11-19,SG,106.03352490421456,8141.279770444763,Singapore
2021-11-19,UA,106.03352490421456,73.61357136939773,Ukraine
2021-11-19,US,106.03352490421456,32.70372369087204,United States of America (the)
2021-11-20,AE,199.03352490421457,69.13588516746411,United Arab Emirates (the)
2021-11-20,BD,106.03352490421456,1173.3339699162489,Bangladesh
2021-11-20,BE,106.03352490421456,370.9372707023061,Belgium
2021-11-20,BH,318.10057471264366,1771.8592105263158,Bahrain
2021-11-20,CY,106.03352490421456,128.54794076316074,Cyprus
2021-11-20,DE,273.5335249042146,226.4689795026637,Germany
2021-11-20,GB,159.53352490421457,263.0771396904889,United Kingdom of Great Britain and Northern Ireland (the)
2021-11-20,HK,106.03352490421456,6445.041516245487,Hong Kong
2021-11-20,IN,354.5335249042146,380.7713541630226,India
2021-11-20,KR,106.03352490421456,492.531046931408,Korea (the Republic of)
2021-11-20,LB,75.0,594.6827884615385,Lebanon
2021-11-20,MA,106.03352490421456,74.6225484268279,Morocco
2021-11-20,QA,106.03352490421456,189.43699292249264,Qatar
2021-11-20,US,212.06704980842912,32.70372369087204,United States of America (the)
2021-11-21,AE,380.0670498084292,69.13588516746411,United Arab Emirates (the)
2021-11-21,BD,106.03352490421456,1173.3339699162489,Bangladesh
2021-11-21,BH,106.03352490421456,1771.8592105263158,Bahrain
2021-11-21,DE,348.5335249042146,226.4689795026637,Germany
2021-11-21,GB,106.03352490421456,263.0771396904889,United Kingdom of Great Britain and Northern Ireland (the)
2021-11-21,HK,318.10057471264366,6445.041516245487,Hong Kong
2021-11-21,IN,167.5,380.7713541630226,India
2021-11-21,LB,75.0,594.6827884615385,Lebanon
2021-11-21,NL,106.03352490421456,407.9605228317647,Netherlands (the)
2021-11-21,QA,212.06704980842912,189.43699292249264,Qatar
2021-11-21,SA,81.0,12.909915383148268,Saudi Arabia
2021-11-21,US,106.03352490421456,32.70372369087204,United States of America (the)
2021-11-22,AE,424.13409961685824,69.13588516746411,United Arab Emirates (the)
2021-11-22,BE,106.03352490421456,370.9372707023061,Belgium
2021-11-22,BH,156.03352490421457,1771.8592105263158,Bahrain
2021-11-22,CH,75.0,196.76405746541656,Switzerland
2021-11-22,DE,167.5,226.4689795026637,Germany
2021-11-22,FR,212.06704980842912,103.37630106197412,France
2021-11-22,GB,106.03352490421456,263.0771396904889,United Kingdom of Great Britain and Northern Ireland (the)
2021-11-22,HK,106.03352490421456,6445.041516245487,Hong Kong
2021-11-22,IN,273.5335249042146,380.7713541630226,India
2021-11-22,MT,75.0,1310.01582278481,Malta
2021-11-22,QA,380.1005747126437,189.43699292249264,Qatar
2021-11-22,SA,186.0,12.909915383148268,Saudi Arabia
2021-11-22,UA,106.03352490421456,73.61357136939773,Ukraine
2021-11-24,AE,106.03352490421456,69.13588516746411,United Arab Emirates (the)
2021-11-24,LB,75.0,594.6827884615385,Lebanon
2021-11-25,AE,437.0670498084292,69.13588516746411,United Arab Emirates (the)
2021-11-25,BD,106.03352490421456,1173.3339699162489,Bangladesh
2021-11-25,BE,106.03352490421456,370.9372707023061,Belgium
2021-11-25,BH,411.1005747126437,1771.8592105263158,Bahrain
2021-11-25,BR,146.5,23.988580457474605,Brazil
2021-11-25,CH,167.5,196.76405746541656,Switzerland
2021-11-25,DE,348.5335249042146,226.4689795026637,Germany
2021-11-25,ES,106.03352490421456,95.2690781011932,Spain
2021-11-25,FR,106.03352490421456,103.37630106197412,France
2021-11-25,GB,362.5670498084292,263.0771396904889,United Kingdom of Great Britain and Northern Ireland (the)
2021-11-25,IN,547.0670498084291,380.7713541630226,India
2021-11-25,IT,106.03352490421456,205.2668746266676,Italy
2021-11-25,KR,106.03352490421456,492.531046931408,Korea (the Republic of)
2021-11-25,LB,212.06704980842912,594.6827884615385,Lebanon
2021-11-25,QA,212.06704980842912,189.43699292249264,Qatar
2021-11-25,SA,268.0335249042146,12.909915383148268,Saudi Arabia
2021-11-26,AE,366.5335249042146,69.13588516746411,United Arab Emirates (the)
2021-11-26,BD,212.06704980842912,1173.3339699162489,Bangladesh
2021-11-26,BE,106.03352490421456,370.9372707023061,Belgium
2021-11-26,BH,398.0670498084292,1771.8592105263158,Bahrain
2021-11-26,CH,242.5,196.76405746541656,Switzerland
2021-11-26,CZ,106.03352490421456,134.97206689743493,Czech Republic (the)
2021-11-26,EG,81.0,88.3592750511758,Egypt
2021-11-26,FR,305.06704980842915,103.37630106197412,France
2021-11-26,GB,530.1676245210728,263.0771396904889,United Kingdom of Great Britain and Northern Ireland (the)
2021-11-26,LB,106.03352490421456,594.6827884615385,Lebanon
2021-11-26,NL,252.53352490421457,407.9605228317647,Netherlands (the)
2021-11-26,PH,106.03352490421456,336.6612533333333,Philippines (the)
2021-11-26,QA,106.03352490421456,189.43699292249264,Qatar
2021-11-26,SA,324.0,12.909915383148268,Saudi Arabia
2021-11-26,SG,106.03352490421456,8141.279770444763,Singapore
2021-11-26,TR,81.0,101.35033220089797,Turkey
2021-11-26,UA,106.03352490421456,73.61357136939773,Ukraine
2021-11-26,US,106.03352490421456,32.70372369087204,United States of America (the)
2021-11-27,AE,106.03352490421456,69.13588516746411,United Arab Emirates (the)
2021-11-27,BH,199.03352490421457,1771.8592105263158,Bahrain
2021-11-27,DE,167.5,226.4689795026637,Germany
2021-11-27,SA,678.5335249042146,12.909915383148268,Saudi Arabia
2021-11-28,SA,560.6005747126437,12.909915383148268,Saudi Arabia
2021-11-29,SA,305.06704980842915,12.909915383148268,Saudi Arabia
2021-11-30,DE,106.03352490421456,226.4689795026637,Germany
2021-11-30,SA,487.1340996168583,12.909915383148268,Saudi Arabia
2021-12-01,AE,212.06704980842912,69.13588516746411,United Arab Emirates (the)
2021-12-01,BH,106.03352490421456,1771.8592105263158,Bahrain
2021-12-01,CH,75.0,196.76405746541656,Switzerland
2021-12-01,IN,379.5670498084292,380.7713541630226,India
2021-12-01,LB,75.0,594.6827884615385,Lebanon
2021-12-01,QA,99.0,189.43699292249264,Qatar
2021-12-01,SA,93.0,12.909915383148268,Saudi Arabia
2021-12-01,TR,88.5,101.35033220089797,Turkey
2021-12-01,UA,106.03352490421456,73.61357136939773,Ukraine
2021-12-02,AE,274.0335249042146,69.13588516746411,United Arab Emirates (the)
2021-12-02,BD,106.03352490421456,1173.3339699162489,Bangladesh
2021-12-02,CH,167.5,196.76405746541656,Switzerland
2021-12-02,DE,273.5335249042146,226.4689795026637,Germany
2021-12-02,ES,106.03352490421456,95.2690781011932,Spain
2021-12-02,GB,212.06704980842912,263.0771396904889,United Kingdom of Great Britain and Northern Ireland (the)
2021-12-02,IN,167.5,380.7713541630226,India
2021-12-02,IT,106.03352490421456,205.2668746266676,Italy
2021-12-02,KR,106.03352490421456,492.531046931408,Korea (the Republic of)
2021-12-02,LB,273.5335249042146,594.6827884615385,Lebanon
2021-12-02,MY,106.03352490421456,92.50909664177634,Malaysia
2021-12-02,QA,167.5,189.43699292249264,Qatar
2021-12-02,SA,75.0,12.909915383148268,Saudi Arabia
2021-12-02,TR,93.0,101.35033220089797,Turkey
2021-12-02,US,106.03352490421456,32.70372369087204,United States of America (the)
2021-12-03,BH,106.03352490421456,1771.8592105263158,Bahrain
2021-12-03,SA,280.0335249042146,12.909915383148268,Saudi Arabia
2021-12-04,AE,106.03352490421456,69.13588516746411,United Arab Emirates (the)
2021-12-04,SA,199.03352490421457,12.909915383148268,Saudi Arabia
2021-12-05,AE,106.03352490421456,69.13588516746411,United Arab Emirates (the)
2021-12-05,BD,106.03352490421456,1173.3339699162489,Bangladesh
2021-12-05,BH,424.13409961685824,1771.8592105263158,Bahrain
2021-12-05,DE,454.5670498084292,226.4689795026637,Germany
2021-12-05,FR,106.03352490421456,103.37630106197412,France
2021-12-05,GB,106.03352490421456,263.0771396904889,United Kingdom of Great Britain and Northern Ireland (the)
2021-12-05,HK,106.03352490421456,6445.041516245487,Hong Kong
2021-12-05,IN,441.0335249042146,380.7713541630226,India
2021-12-05,IT,106.03352490421456,205.2668746266676,Italy
2021-12-05,LB,106.03352490421456,594.6827884615385,Lebanon
2021-12-05,NL,106.03352490421456,407.9605228317647,Netherlands (the)
2021-12-05,RO,106.03352490421456,90.8857716944012,Romania
2021-12-05,SA,106.03352490421456,12.909915383148268,Saudi Arabia
2021-12-05,US,106.03352490421456,32.70372369087204,United States of America (the)
2021-12-06,AE,93.0,69.13588516746411,United Arab Emirates (the)
2021-12-06,BH,106.03352490421456,1771.8592105263158,Bahrain
2021-12-06,CA,106.03352490421456,3.515372666297434,Canada
2021-12-06,CH,75.0,196.76405746541656,Switzerland
2021-12-06,DE,167.5,226.4689795026637,Germany
2021-12-06,GB,106.03352490421456,263.0771396904889,United Kingdom of Great Britain and Northern Ireland (the)
2021-12-06,GR,75.0,81.66026053941815,Greece
2021-12-06,IN,106.03352490421456,380.7713541630226,India
2021-12-06,LB,106.03352490421456,594.6827884615385,Lebanon
2021-12-06,QA,167.5,189.43699292249264,Qatar
2021-12-06,UA,106.03352490421456,73.61357136939773,Ukraine
2021-12-06,US,106.03352490421456,32.70372369087204,United States of America (the)
2021-12-07,BH,212.06704980842912,1771.8592105263158,Bahrain
2021-12-07,IN,106.03352490421456,380.7713541630226,India
2021-12-07,QA,167.5,189.43699292249264,Qatar
2021-12-07,SA,542.0670498084291,12.909915383148268,Saudi Arabia
2021-12-08,AE,393.1005747126437,69.13588516746411,United Arab Emirates (the)
2021-12-08,BD,106.03352490421456,1173.3339699162489,Bangladesh
2021-12-08,BH,318.10057471264366,1771.8592105263158,Bahrain
2021-12-08,CH,75.0,196.76405746541656,Switzerland
2021-12-08,CY,106.03352490421456,128.54794076316074,Cyprus
2021-12-08,DE,106.03352490421456,226.4689795026637,Germany
2021-12-08,IN,485.6005747126437,380.7713541630226,India
2021-12-08,LB,106.03352490421456,594.6827884615385,Lebanon
2021-12-08,MA,106.03352490421456,74.6225484268279,Morocco
2021-12-08,PH,167.5,336.6612533333333,Philippines (the)
2021-12-08,PK,75.0,250.07800199724903,Pakistan
2021-12-08,QA,169.03352490421457,189.43699292249264,Qatar
2021-12-08,UA,106.03352490421456,73.61357136939773,Ukraine
2021-12-09,AE,256.0335249042146,69.13588516746411,United Arab Emirates (the)
2021-12-09,BH,212.06704980842912,1771.8592105263158,Bahrain
2021-12-09,CH,181.03352490421457,196.76405746541656,Switzerland
2021-12-09,DE,106.03352490421456,226.4689795026637,Germany
2021-12-09,ES,106.03352490421456,95.2690781011932,Spain
2021-12-09,GB,318.10057471264366,263.0771396904889,United Kingdom of Great Britain and Northern Ireland (the)
2021-12-09,IN,187.03352490421457,380.7713541630226,India
2021-12-09,IT,106.03352490421456,205.2668746266676,Italy
2021-12-09,KR,106.03352490421456,492.531046931408,Korea (the Republic of)
2021-12-09,NL,146.5,407.9605228317647,Netherlands (the)
2021-12-09,PH,167.5,336.6612533333333,Philippines (the)
2021-12-09,QA,63.0,189.43699292249264,Qatar
2021-12-09,RO,106.03352490421456,90.8857716944012,Romania
2021-12-09,US,106.03352490421456,32.70372369087204,United States of America (the)
2021-12-11,BH,93.0,1771.8592105263158,Bahrain
2021-12-12,IT,106.03352490421456,205.2668746266676,Italy
2021-12-13,SA,106.03352490421456,12.909915383148268,Saudi Arabia
2021-12-14,AE,530.1676245210728,69.13588516746411,United Arab Emirates (the)
2021-12-14,BE,106.03352490421456,370.9372707023061,Belgium
2021-12-14,ES,106.03352490421456,95.2690781011932,Spain
2021-12-14,GB,106.03352490421456,263.0771396904889,United Kingdom of Great Britain and Northern Ireland (the)
2021-12-14,IN,106.03352490421456,380.7713541630226,India
2021-12-14,LB,106.03352490421456,594.6827884615385,Lebanon
2021-12-14,MA,106.03352490421456,74.6225484268279,Morocco
2021-12-14,QA,151.5,189.43699292249264,Qatar
2021-12-15,AE,287.06704980842915,69.13588516746411,United Arab Emirates (the)
2021-12-15,AR,63.0,15.620732988059272,Argentina
2021-12-15,BH,199.03352490421457,1771.8592105263158,Bahrain
2021-12-15,CH,75.0,196.76405746541656,Switzerland
2021-12-15,DE,273.5335249042146,226.4689795026637,Germany
2021-12-15,ES,212.06704980842912,95.2690781011932,Spain
2021-12-15,GB,106.03352490421456,263.0771396904889,United Kingdom of Great Britain and Northern Ireland (the)
2021-12-15,HK,106.03352490421456,6445.041516245487,Hong Kong
2021-12-15,IN,566.6005747126437,380.7713541630226,India
2021-12-15,PH,106.03352490421456,336.6612533333333,Philippines (the)
2021-12-15,SA,168.03352490421457,12.909915383148268,Saudi Arabia
2021-12-15,UA,106.03352490421456,73.61357136939773,Ukraine
2021-12-15,US,106.03352490421456,32.70372369087204,United States of America (the)
2021-12-16,AE,411.1005747126437,69.13588516746411,United Arab Emirates (the)
2021-12-16,BE,106.03352490421456,370.9372707023061,Belgium
2021-12-16,CH,75.0,196.76405746541656,Switzerland
2021-12-16,DE,454.5670498084292,226.4689795026637,Germany
2021-12-16,ES,106.03352490421456,95.2690781011932,Spain
2021-12-16,FR,212.06704980842912,103.37630106197412,France
2021-12-16,GB,212.06704980842912,263.0771396904889,United Kingdom of Great Britain and Northern Ireland (the)
2021-12-16,IN,335.0,380.7713541630226,India
2021-12-16,IT,106.03352490421456,205.2668746266676,Italy
2021-12-16,KR,106.03352490421456,492.531046931408,Korea (the Republic of)
2021-12-16,LB,273.5335249042146,594.6827884615385,Lebanon
2021-12-16,QA,106.03352490421456,189.43699292249264,Qatar
2021-12-16,SA,93.0,12.909915383148268,Saudi Arabia
2021-12-16,TR,75.0,101.35033220089797,Turkey
2021-12-16,US,106.03352490421456,32.70372369087204,United States of America (the)
2021-12-17,AE,561.1005747126437,69.13588516746411,United Arab Emirates (the)
2021-12-17,BH,318.10057471264366,1771.8592105263158,Bahrain
2021-12-17,CH,62.0,196.76405746541656,Switzerland
2021-12-17,CY,106.03352490421456,128.54794076316074,Cyprus
2021-12-17,DE,242.5,226.4689795026637,Germany
2021-12-17,GB,212.06704980842912,263.0771396904889,United Kingdom of Great Britain and Northern Ireland (the)
2021-12-17,HK,106.03352490421456,6445.041516245487,Hong Kong
2021-12-17,IN,212.06704980842912,380.7713541630226,India
2021-12-17,MA,106.03352490421456,74.6225484268279,Morocco
2021-12-17,NL,106.03352490421456,407.9605228317647,Netherlands (the)
2021-12-17,PH,106.03352490421456,336.6612533333333,Philippines (the)
2021-12-17,QA,106.03352490421456,189.43699292249264,Qatar
2021-12-17,SA,75.0,12.909915383148268,Saudi Arabia
2021-12-17,TR,106.03352490421456,101.35033220089797,Turkey
2021-12-17,UA,106.03352490421456,73.61357136939773,Ukraine
2021-12-18,AE,424.13409961685824,69.13588516746411,United Arab Emirates (the)
2021-12-18,BE,106.03352490421456,370.9372707023061,Belgium
2021-12-18,BH,106.03352490421456,1771.8592105263158,Bahrain
2021-12-18,DE,159.53352490421457,226.4689795026637,Germany
2021-12-18,GB,212.06704980842912,263.0771396904889,United Kingdom of Great Britain and Northern Ireland (the)
2021-12-18,IN,212.06704980842912,380.7713541630226,India
2021-12-18,KR,106.03352490421456,492.531046931408,Korea (the Republic of)
2021-12-18,LB,212.06704980842912,594.6827884615385,Lebanon
2021-12-18,QA,106.03352490421456,189.43699292249264,Qatar
2021-12-18,SA,181.03352490421457,12.909915383148268,Saudi Arabia
2021-12-18,US,106.03352490421456,32.70372369087204,United States of America (the)
2021-12-19,AE,199.03352490421457,69.13588516746411,United Arab Emirates (the)
2021-12-19,CH,106.03352490421456,196.76405746541656,Switzerland
2021-12-19,DE,348.5335249042146,226.4689795026637,Germany
2021-12-19,GB,106.03352490421456,263.0771396904889,United Kingdom of Great Britain and Northern Ireland (the)
2021-12-19,IE,62.0,69.61855904828312,Ireland
2021-12-19,IN,522.0335249042146,380.7713541630226,India
2021-12-19,IT,212.06704980842912,205.2668746266676,Italy
2021-12-19,NL,212.06704980842912,407.9605228317647,Netherlands (the)
2021-12-19,QA,167.5,189.43699292249264,Qatar
2021-12-19,SA,212.06704980842912,12.909915383148268,Saudi Arabia
2021-12-19,US,106.03352490421456,32.70372369087204,United States of America (the)
2021-12-20,AE,623.1676245210729,69.13588516746411,United Arab Emirates (the)
2021-12-20,BE,106.03352490421456,370.9372707023061,Belgium
2021-12-20,BH,212.06704980842912,1771.8592105263158,Bahrain
2021-12-20,CH,75.0,196.76405746541656,Switzerland
2021-12-20,DE,273.5335249042146,226.4689795026637,Germany
2021-12-20,FR,106.03352490421456,103.37630106197412,France
2021-12-20,GB,106.03352490421456,263.0771396904889,United Kingdom of Great Britain and Northern Ireland (the)
2021-12-20,HK,106.03352490421456,6445.041516245487,Hong Kong
2021-12-20,IN,106.03352490421456,380.7713541630226,India
2021-12-20,LB,106.03352490421456,594.6827884615385,Lebanon
2021-12-20,QA,106.03352490421456,189.43699292249264,Qatar
2021-12-20,SA,212.06704980842912,12.909915383148268,Saudi Arabia
2021-12-20,UA,106.03352490421456,73.61357136939773,Ukraine
2021-12-21,AE,93.0,69.13588516746411,United Arab Emirates (the)
2021-12-21,BE,106.03352490421456,370.9372707023061,Belgium
2021-12-21,DE,167.5,226.4689795026637,Germany
2021-12-21,ES,81.0,95.2690781011932,Spain
2021-12-21,GB,106.03352490421456,263.0771396904889,United Kingdom of Great Britain and Northern Ireland (the)
2021-12-21,IN,273.5335249042146,380.7713541630226,India
2021-12-21,KR,106.03352490421456,492.531046931408,Korea (the Republic of)
2021-12-21,NL,106.03352490421456,407.9605228317647,Netherlands (the)
2021-12-21,SA,318.10057471264366,12.909915383148268,Saudi Arabia
2021-12-21,US,106.03352490421456,32.70372369087204,United States of America (the)
2021-12-22,CH,75.0,196.76405746541656,Switzerland
2021-12-22,IE,106.03352490421456,69.61855904828312,Ireland
2021-12-22,KZ,106.03352490421456,6.663408565451944,Kazakhstan
2021-12-22,SA,212.06704980842912,12.909915383148268,Saudi Arabia
2021-12-23,AE,411.1005747126437,69.13588516746411,United Arab Emirates (the)
2021-12-23,BD,212.06704980842912,1173.3339699162489,Bangladesh
2021-12-23,BH,486.1005747126437,1771.8592105263156,Bahrain
2021-12-23,CH,75.0,196.76405746541656,Switzerland
2021-12-23,DE,348.5335249042146,226.4689795026637,Germany
2021-12-23,FR,187.03352490421457,103.37630106197412,France
2021-12-23,GB,442.5670498084292,263.0771396904889,United Kingdom of Great Britain and Northern Ireland (the)
2021-12-23,IN,485.6005747126437,380.7713541630226,India
2021-12-23,IT,106.03352490421456,205.2668746266676,Italy
2021-12-23,KR,106.03352490421456,492.531046931408,Korea (the Republic of)
2021-12-23,LB,379.5670498084292,594.6827884615385,Lebanon
2021-12-23,PH,167.5,336.6612533333333,Philippines (the)
2021-12-23,QA,181.03352490421457,189.43699292249264,Qatar
2021-12-23,SA,181.03352490421457,12.909915383148268,Saudi Arabia
2021-12-23,TR,75.0,101.35033220089797,Turkey
2021-12-23,US,106.03352490421456,32.70372369087204,United States of America (the)
2021-12-24,AE,380.0670498084292,69.13588516746411,United Arab Emirates (the)
2021-12-24,BD,106.03352490421456,1173.3339699162489,Bangladesh
2021-12-24,BH,504.1005747126437,1771.8592105263156,Bahrain
2021-12-24,BR,62.0,23.988580457474605,Brazil
2021-12-24,CA,106.03352490421456,3.515372666297434,Canada
2021-12-24,DE,167.5,226.4689795026637,Germany
2021-12-24,GB,106.03352490421456,263.0771396904889,United Kingdom of Great Britain and Northern Ireland (the)
2021-12-24,LB,187.03352490421457,594.6827884615385,Lebanon
2021-12-24,NL,252.53352490421457,407.9605228317647,Netherlands (the)
2021-12-24,PH,273.5335249042146,336.6612533333333,Philippines (the)
2021-12-24,SA,106.03352490421456,12.909915383148268,Saudi Arabia
2021-12-24,UA,106.03352490421456,73.61357136939773,Ukraine
2021-12-24,US,106.03352490421456,32.70372369087204,United States of America (the)
2021-12-25,AE,106.03352490421456,69.13588516746411,United Arab Emirates (the)
2021-12-25,BH,106.03352490421456,1771.8592105263158,Bahrain
2021-12-25,DE,167.5,226.4689795026637,Germany
2021-12-25,DK,81.0,129.51926022184065,Denmark
2021-12-25,LB,106.03352490421456,594.6827884615385,Lebanon
2021-12-25,PH,167.5,336.6612533333333,Philippines (the)
2021-12-25,QA,146.5,189.43699292249264,Qatar
2021-12-25,SA,416.5,12.909915383148268,Saudi Arabia
2021-12-25,TR,106.03352490421456,101.35033220089797,Turkey
2021-12-26,DE,106.03352490421456,226.4689795026637,Germany
2021-12-26,SA,199.03352490421457,12.909915383148268,Saudi Arabia
2021-12-28,AE,646.0670498084291,69.13588516746411,United Arab Emirates (the)
2021-12-28,BE,106.03352490421456,370.9372707023061,Belgium
2021-12-28,BH,287.06704980842915,1771.8592105263158,Bahrain
2021-12-28,DE,167.5,226.4689795026637,Germany
2021-12-28,ES,187.03352490421457,95.2690781011932,Spain
2021-12-28,FR,212.06704980842912,103.37630106197412,France
2021-12-28,GB,212.06704980842912,263.0771396904889,United Kingdom of Great Britain and Northern Ireland (the)
2021-12-28,IN,167.5,380.7713541630226,India
2021-12-28,KZ,75.0,6.663408565451944,Kazakhstan
2021-12-28,LB,106.03352490421456,594.6827884615385,Lebanon
2021-12-28,PK,106.03352490421456,250.07800199724903,Pakistan
2021-12-28,US,106.03352490421456,32.70372369087204,United States of America (the)
2021-12-29,AE,106.03352490421456,69.13588516746411,United Arab Emirates (the)
2021-12-29,BD,106.03352490421456,1173.3339699162489,Bangladesh
2021-12-29,BE,106.03352490421456,370.9372707023061,Belgium
2021-12-29,BH,287.06704980842915,1771.8592105263158,Bahrain
2021-12-29,CH,75.0,196.76405746541656,Switzerland
2021-12-29,CY,106.03352490421456,128.54794076316074,Cyprus
2021-12-29,DK,106.03352490421456,129.51926022184065,Denmark
2021-12-29,FR,106.03352490421456,103.37630106197412,France
2021-12-29,GB,212.06704980842912,263.0771396904889,United Kingdom of Great Britain and Northern Ireland (the)
2021-12-29,IN,268.0335249042146,380.7713541630226,India
2021-12-29,LB,106.03352490421456,594.6827884615385,Lebanon
2021-12-29,PH,106.03352490421456,336.6612533333333,Philippines (the)
2021-12-29,UA,106.03352490421456,73.61357136939773,Ukraine
2021-12-30,AE,1034.7011494252874,69.13588516746411,United Arab Emirates (the)
2021-12-30,BE,106.03352490421456,370.9372707023061,Belgium
2021-12-30,CH,75.0,196.76405746541656,Switzerland
2021-12-30,DE,106.03352490421456,226.4689795026637,Germany
2021-12-30,ES,106.03352490421456,95.2690781011932,Spain
2021-12-30,FR,106.03352490421456,103.37630106197412,France
2021-12-30,GB,318.10057471264366,263.0771396904889,United Kingdom of Great Britain and Northern Ireland (the)
2021-12-30,IN,441.0335249042146,380.7713541630226,India
2021-12-30,IT,106.03352490421456,205.2668746266676,Italy
2021-12-30,KR,106.03352490421456,492.531046931408,Korea (the Republic of)
2021-12-30,LB,106.03352490421456,594.6827884615385,Lebanon
2021-12-30,US,106.03352490421456,32.70372369087204,United States of America (the)
2021-12-31,AE,711.2011494252873,69.13588516746411,United Arab Emirates (the)
2021-12-31,DZ,106.03352490421456,16.602210735760103,Algeria
2021-12-31,GB,106.03352490421456,263.0771396904889,United Kingdom of Great Britain and Northern Ireland (the)
2021-12-31,IN,106.03352490421456,380.7713541630226,India
2022-01-01,AE,1109.2681992337166,69.13588516746411,United Arab Emirates (the)
2022-01-01,BH,106.03352490421456,1771.8592105263158,Bahrain
2022-01-01,CH,212.06704980842912,196.76405746541656,Switzerland
2022-01-01,DE,273.5335249042146,226.4689795026637,Germany
2022-01-01,FR,106.03352490421456,103.37630106197412,France
2022-01-01,GB,212.06704980842912,263.0771396904889,United Kingdom of Great Britain and Northern Ireland (the)
2022-01-01,HK,106.03352490421456,6445.041516245487,Hong Kong
2022-01-01,IN,379.5670498084292,380.7713541630226,India
2022-01-01,KR,106.03352490421456,492.531046931408,Korea (the Republic of)
2022-01-01,LB,106.03352490421456,594.6827884615385,Lebanon
2022-01-01,US,106.03352490421456,32.70372369087204,United States of America (the)
2022-01-02,AE,199.03352490421457,69.13588516746411,United Arab Emirates (the)
2022-01-02,BD,106.03352490421456,1173.3339699162489,Bangladesh
2022-01-02,CH,150.5,196.76405746541656,Switzerland
2022-01-02,DE,348.5335249042146,226.4689795026637,Germany
2022-01-02,ES,106.03352490421456,95.2690781011932,Spain
2022-01-02,GB,212.06704980842912,263.0771396904889,United Kingdom of Great Britain and Northern Ireland (the)
2022-01-02,HK,106.03352490421456,6445.041516245487,Hong Kong
2022-01-02,IN,335.0,380.7713541630226,India
2022-01-02,IT,106.03352490421456,205.2668746266676,Italy
2022-01-02,KZ,106.03352490421456,6.663408565451944,Kazakhstan
2022-01-02,LB,106.03352490421456,594.6827884615385,Lebanon
2022-01-02,NL,106.03352490421456,407.9605228317647,Netherlands (the)
2022-01-02,SA,106.03352490421456,12.909915383148268,Saudi Arabia
2022-01-02,US,106.03352490421456,32.70372369087204,United States of America (the)
2022-01-03,SA,343.0335249042146,12.909915383148268,Saudi Arabia
2022-01-04,SA,287.06704980842915,12.909915383148268,Saudi Arabia
2022-01-05,CH,106.03352490421456,196.76405746541656,Switzerland
2022-01-05,DE,81.0,226.4689795026637,Germany
2022-01-05,SA,106.03352490421456,12.909915383148268,Saudi Arabia
2022-01-06,BE,106.03352490421456,370.9372707023061,Belgium
2022-01-06,LB,167.5,594.6827884615385,Lebanon
2022-01-06,SA,212.06704980842912,12.909915383148268,Saudi Arabia
2022-01-08,AE,1652.469348659004,69.13588516746411,United Arab Emirates (the)
2022-01-08,BH,318.10057471264366,1771.8592105263158,Bahrain
2022-01-08,DE,106.03352490421456,226.4689795026637,Germany
2022-01-08,FR,81.0,103.37630106197412,France
2022-01-08,GB,424.13409961685824,263.0771396904889,United Kingdom of Great Britain and Northern Ireland (the)
2022-01-08,HK,106.03352490421456,6445.041516245487,Hong Kong
2022-01-08,IN,379.5670498084292,380.7713541630226,India
2022-01-08,KR,106.03352490421456,492.531046931408,Korea (the Republic of)
2022-01-08,LB,106.03352490421456,594.6827884615385,Lebanon
2022-01-08,SA,93.0,12.909915383148268,Saudi Arabia
2022-01-08,US,106.03352490421456,32.70372369087204,United States of America (the)
2022-01-09,AE,1091.2681992337166,69.13588516746411,United Arab Emirates (the)
2022-01-09,BD,106.03352490421456,1173.3339699162489,Bangladesh
2022-01-09,BH,212.06704980842912,1771.8592105263158,Bahrain
2022-01-09,CH,99.0,196.76405746541656,Switzerland
2022-01-09,DE,287.06704980842915,226.4689795026637,Germany
2022-01-09,GB,424.13409961685824,263.0771396904889,United Kingdom of Great Britain and Northern Ireland (the)
2022-01-09,HK,106.03352490421456,6445.041516245487,Hong Kong
2022-01-09,IN,522.0335249042146,380.7713541630226,India
2022-01-09,IT,106.03352490421456,205.2668746266676,Italy
2022-01-09,NL,106.03352490421456,407.9605228317647,Netherlands (the)
2022-01-09,US,106.03352490421456,32.70372369087204,United States of America (the)
2022-01-10,AE,636.2011494252873,69.13588516746411,United Arab Emirates (the)
2022-01-10,BE,106.03352490421456,370.9372707023061,Belgium
2022-01-10,CH,181.03352490421457,196.76405746541656,Switzerland
2022-01-10,DE,75.0,226.4689795026637,Germany
2022-01-10,FR,106.03352490421456,103.37630106197412,France
2022-01-10,GB,212.06704980842912,263.0771396904889,United Kingdom of Great Britain and Northern Ireland (the)
2022-01-10,IN,248.5,380.7713541630226,India
2022-01-10,US,106.03352490421456,32.70372369087204,United States of America (the)
2022-01-11,AE,672.1676245210729,69.13588516746411,United Arab Emirates (the)
2022-01-11,BE,106.03352490421456,370.9372707023061,Belgium
2022-01-11,CH,62.0,196.76405746541656,Switzerland
2022-01-11,DE,187.03352490421457,226.4689795026637,Germany
2022-01-11,GB,212.06704980842912,263.0771396904889,United Kingdom of Great Britain and Northern Ireland (the)
2022-01-11,HK,106.03352490421456,6445.041516245487,Hong Kong
2022-01-11,IN,248.5,380.7713541630226,India
2022-01-11,KR,106.03352490421456,492.531046931408,Korea (the Republic of)
2022-01-11,RU,106.03352490421456,8.329731968935754,Russian Federation (the)
2022-01-12,AE,804.2011494252874,69.13588516746411,United Arab Emirates (the)
2022-01-12,BE,212.06704980842912,370.9372707023061,Belgium
2022-01-12,DE,181.03352490421457,226.4689795026637,Germany
2022-01-12,FR,212.06704980842912,103.37630106197412,France
2022-01-12,GB,318.10057471264366,263.0771396904889,United Kingdom of Great Britain and Northern Ireland (the)
2022-01-12,IE,106.03352490421456,69.61855904828312,Ireland
2022-01-12,IN,416.0,380.7713541630226,India
2022-01-12,LB,75.0,594.6827884615385,Lebanon
2022-01-12,PH,106.03352490421456,336.6612533333333,Philippines (the)
2022-01-12,UA,106.03352490421456,73.61357136939773,Ukraine
2022-01-12,US,106.03352490421456,32.70372369087204,United States of America (the)
2022-01-13,AE,505.13409961685824,69.13588516746411,United Arab Emirates (the)
2022-01-13,DE,106.03352490421456,226.4689795026637,Germany
2022-01-13,ES,212.06704980842912,95.2690781011932,Spain
2022-01-13,FR,106.03352490421456,103.37630106197412,France
2022-01-13,GB,106.03352490421456,263.0771396904889,United Kingdom of Great Britain and Northern Ireland (the)
2022-01-13,IN,441.0335249042146,380.7713541630226,India
2022-01-13,IT,106.03352490421456,205.2668746266676,Italy
2022-01-13,KR,106.03352490421456,492.531046931408,Korea (the Republic of)
2022-01-13,LB,106.03352490421456,594.6827884615385,Lebanon
2022-01-13,QA,318.10057471264366,189.43699292249264,Qatar
2022-01-13,TR,75.0,101.35033220089797,Turkey
2022-01-13,US,106.03352490421456,32.70372369087204,United States of America (the)
2022-01-14,AE,835.234674329502,69.13588516746411,United Arab Emirates (the)
2022-01-14,BH,106.03352490421456,1771.8592105263158,Bahrain
2022-01-14,FR,106.03352490421456,103.37630106197412,France
2022-01-14,GB,274.06704980842915,263.0771396904889,United Kingdom of Great Britain and Northern Ireland (the)
2022-01-14,IN,187.03352490421457,380.7713541630226,India
2022-01-14,IT,106.03352490421456,205.2668746266676,Italy
2022-01-14,LB,212.06704980842912,594.6827884615385,Lebanon
2022-01-14,NL,252.53352490421457,407.9605228317647,Netherlands (the)
2022-01-14,PH,106.03352490421456,336.6612533333333,Philippines (the)
2022-01-14,SA,466.0335249042146,12.909915383148268,Saudi Arabia
2022-01-14,SE,106.03352490421456,21.7670993459843,Sweden
2022-01-14,UA,106.03352490421456,73.61357136939773,Ukraine
2022-01-14,US,106.03352490421456,32.70372369087204,United States of America (the)
2022-01-14,ZA,106.03352490421456,44.02920457062235,South Africa
2022-01-15,AE,106.03352490421456,69.13588516746411,United Arab Emirates (the)
2022-01-15,DE,167.5,226.4689795026637,Germany
2022-01-15,IN,348.5335249042146,380.7713541630226,India
2022-01-15,TR,75.0,101.35033220089797,Turkey
2022-01-15,US,212.06704980842912,32.70372369087204,United States of America (the)
2022-01-16,AE,212.06704980842912,69.13588516746411,United Arab Emirates (the)
2022-01-16,BD,212.06704980842912,1173.3339699162489,Bangladesh
2022-01-16,BH,106.03352490421456,1771.8592105263158,Bahrain
2022-01-16,GB,106.03352490421456,263.0771396904889,United Kingdom of Great Britain and Northern Ireland (the)
2022-01-16,HK,106.03352490421456,6445.041516245487,Hong Kong
2022-01-16,IN,379.5670498084292,380.7713541630226,India
2022-01-16,IT,106.03352490421456,205.2668746266676,Italy
2022-01-16,LB,75.0,594.6827884615385,Lebanon
2022-01-16,SA,212.06704980842912,12.909915383148268,Saudi Arabia
2022-01-17,AE,971.2011494252874,69.13588516746411,United Arab Emirates (the)
2022-01-17,BE,106.03352490421456,370.9372707023061,Belgium
2022-01-17,BH,75.0,1771.8592105263158,Bahrain
2022-01-17,DE,81.0,226.4689795026637,Germany
2022-01-17,ES,167.5,95.2690781011932,Spain
2022-01-17,LB,106.03352490421456,594.6827884615385,Lebanon
2022-01-17,SA,62.0,12.909915383148268,Saudi Arabia
2022-01-18,AE,181.03352490421457,69.13588516746411,United Arab Emirates (the)
2022-01-18,BH,212.06704980842912,1771.8592105263158,Bahrain
2022-01-18,DE,106.03352490421456,226.4689795026637,Germany
2022-01-18,FR,81.0,103.37630106197412,France
2022-01-18,GB,106.03352490421456,263.0771396904889,United Kingdom of Great Britain and Northern Ireland (the)
2022-01-18,IN,167.5,380.7713541630226,India
2022-01-18,US,106.03352490421456,32.70372369087204,United States of America (the)
2022-01-19,AE,212.06704980842912,69.13588516746411,United Arab Emirates (the)
2022-01-19,KR,106.03352490421456,492.531046931408,Korea (the Republic of)
2022-01-20,AE,305.06704980842915,69.13588516746411,United Arab Emirates (the)
2022-01-20,BE,106.03352490421456,370.9372707023061,Belgium
2022-01-20,BH,212.06704980842912,1771.8592105263158,Bahrain
2022-01-20,CH,221.5,196.76405746541656,Switzerland
2022-01-20,ES,106.03352490421456,95.2690781011932,Spain
2022-01-20,GB,212.06704980842912,263.0771396904889,United Kingdom of Great Britain and Northern Ireland (the)
2022-01-20,GR,75.0,81.66026053941815,Greece
2022-01-20,IN,212.06704980842912,380.7713541630226,India
2022-01-20,IT,106.03352490421456,205.2668746266676,Italy
2022-01-20,LB,273.5335249042146,594.6827884615385,Lebanon
2022-01-20,SA,366.5335249042146,12.909915383148268,Saudi Arabia
2022-01-20,US,106.03352490421456,32.70372369087204,United States of America (the)
2022-01-22,AE,605.1676245210728,69.13588516746411,United Arab Emirates (the)
2022-01-22,IN,106.03352490421456,380.7713541630226,India
2022-01-22,SA,106.03352490421456,12.909915383148268,Saudi Arabia
2022-01-23,AE,1077.734674329502,69.13588516746411,United Arab Emirates (the)
2022-01-23,BH,318.10057471264366,1771.8592105263158,Bahrain
2022-01-23,CH,106.03352490421456,196.76405746541656,Switzerland
2022-01-23,DE,212.06704980842912,226.4689795026637,Germany
2022-01-23,GB,106.03352490421456,263.0771396904889,United Kingdom of Great Britain and Northern Ireland (the)
2022-01-23,IN,803.7011494252874,380.7713541630225,India
2022-01-23,IT,106.03352490421456,205.2668746266676,Italy
2022-01-23,LB,75.0,594.6827884615385,Lebanon
2022-01-23,NL,106.03352490421456,407.9605228317647,Netherlands (the)
2022-01-23,QA,212.06704980842912,189.43699292249264,Qatar
2022-01-23,SA,106.03352490421456,12.909915383148268,Saudi Arabia
2022-01-23,US,106.03352490421456,32.70372369087204,United States of America (the)
2022-01-24,AE,742.2346743295019,69.13588516746411,United Arab Emirates (the)
2022-01-24,BD,106.03352490421456,1173.3339699162489,Bangladesh
2022-01-24,BE,106.03352490421456,370.9372707023061,Belgium
2022-01-24,BH,106.03352490421456,1771.8592105263158,Bahrain
2022-01-24,CH,75.0,196.76405746541656,Switzerland
2022-01-24,DE,287.06704980842915,226.4689795026637,Germany
2022-01-24,FR,106.03352490421456,103.37630106197412,France
2022-01-24,GB,106.03352490421456,263.0771396904889,United Kingdom of Great Britain and Northern Ireland (the)
2022-01-24,IN,591.6340996168583,380.7713541630226,India
2022-01-24,LB,106.03352490421456,594.6827884615385,Lebanon
2022-01-24,SA,106.03352490421456,12.909915383148268,Saudi Arabia
2022-01-24,TR,81.0,101.35033220089797,Turkey
2022-01-24,UA,106.03352490421456,73.61357136939773,Ukraine
2022-01-24,US,106.03352490421456,32.70372369087204,United States of America (the)
2022-01-25,AE,106.03352490421456,69.13588516746411,United Arab Emirates (the)
2022-01-25,BH,106.03352490421456,1771.8592105263158,Bahrain
2022-01-25,DE,106.03352490421456,226.4689795026637,Germany
2022-01-26,AE,729.2011494252874,69.13588516746411,United Arab Emirates (the)
2022-01-26,AU,106.03352490421456,2.938944249097688,Australia
2022-01-26,BH,181.03352490421457,1771.8592105263158,Bahrain
2022-01-26,CH,75.0,196.76405746541656,Switzerland
2022-01-26,DE,75.0,226.4689795026637,Germany
2022-01-26,FR,106.03352490421456,103.37630106197412,France
2022-01-26,GB,212.06704980842912,263.0771396904889,United Kingdom of Great Britain and Northern Ireland (the)
2022-01-26,IN,485.60057471264366,380.7713541630226,India
2022-01-26,IT,106.03352490421456,205.2668746266676,Italy
2022-01-26,LB,75.0,594.6827884615385,Lebanon
2022-01-26,PH,106.03352490421456,336.6612533333333,Philippines (the)
2022-01-26,QA,106.03352490421456,189.43699292249264,Qatar
2022-01-26,SA,162.0,12.909915383148268,Saudi Arabia
2022-01-26,UA,106.03352490421456,73.61357136939773,Ukraine
2022-01-26,US,106.03352490421456,32.70372369087204,United States of America (the)
2022-01-27,AE,181.03352490421457,69.13588516746411,United Arab Emirates (the)
2022-01-27,BE,106.03352490421456,370.9372707023061,Belgium
2022-01-27,BH,106.03352490421456,1771.8592105263158,Bahrain
2022-01-27,CH,75.0,196.76405746541656,Switzerland
2022-01-27,ES,106.03352490421456,95.2690781011932,Spain
2022-01-27,GB,106.03352490421456,263.0771396904889,United Kingdom of Great Britain and Northern Ireland (the)
2022-01-27,GR,75.0,81.66026053941815,Greece
2022-01-27,IN,273.5335249042146,380.7713541630226,India
2022-01-27,IT,106.03352490421456,205.2668746266676,Italy
2022-01-27,MY,106.03352490421456,92.50909664177634,Malaysia
2022-01-28,AE,212.06704980842912,69.13588516746411,United Arab Emirates (the)
2022-01-28,BH,167.5,1771.8592105263158,Bahrain
2022-01-28,MY,106.03352490421456,92.50909664177634,Malaysia
2022-01-29,AE,1140.3017241379312,69.13588516746411,United Arab Emirates (the)
2022-01-29,BH,228.53352490421457,1771.8592105263158,Bahrain
2022-01-29,DE,106.03352490421456,226.4689795026637,Germany
2022-01-29,GB,106.03352490421456,263.0771396904889,United Kingdom of Great Britain and Northern Ireland (the)
2022-01-29,IN,318.10057471264366,380.7713541630226,India
2022-01-29,LB,106.03352490421456,594.6827884615385,Lebanon
2022-01-29,US,106.03352490421456,32.70372369087204,United States of America (the)
2022-01-30,AE,473.0670498084292,69.13588516746411,United Arab Emirates (the)
2022-01-30,BD,212.06704980842912,1173.3339699162489,Bangladesh
2022-01-30,BH,212.06704980842912,1771.8592105263158,Bahrain
2022-01-30,CH,106.03352490421456,196.76405746541656,Switzerland
2022-01-30,DE,390.0335249042146,226.4689795026637,Germany
2022-01-30,FR,106.03352490421456,103.37630106197412,France
2022-01-30,GB,485.6005747126437,263.0771396904889,United Kingdom of Great Britain and Northern Ireland (the)
2022-01-30,IN,354.5335249042146,380.7713541630226,India
2022-01-30,IT,106.03352490421456,205.2668746266676,Italy
2022-01-30,LB,106.03352490421456,594.6827884615385,Lebanon
2022-01-30,MY,106.03352490421456,92.50909664177634,Malaysia
2022-01-30,NL,212.06704980842912,407.9605228317647,Netherlands (the)
2022-01-30,QA,106.03352490421456,189.43699292249264,Qatar
2022-01-30,US,106.03352490421456,32.70372369087204,United States of America (the)
2022-01-31,AE,433.5670498084292,69.13588516746411,United Arab Emirates (the)
2022-01-31,BE,106.03352490421456,370.9372707023061,Belgium
2022-01-31,BH,212.06704980842912,1771.8592105263158,Bahrain
2022-01-31,DE,181.03352490421457,226.4689795026637,Germany
2022-01-31,FR,106.03352490421456,103.37630106197412,France
2022-01-31,GB,212.06704980842912,263.0771396904889,United Kingdom of Great Britain and Northern Ireland (the)
2022-01-31,IE,62.0,69.61855904828312,Ireland
2022-01-31,IN,318.10057471264366,380.7713541630226,India
2022-01-31,LB,75.0,594.6827884615385,Lebanon
2022-01-31,UA,106.03352490421456,73.61357136939773,Ukraine
2022-01-31,US,106.03352490421456,32.70372369087204,United States of America (the)
2022-02-01,AE,106.03352490421456,69.13588516746411,United Arab Emirates (the)
2022-02-01,BH,106.03352490421456,1771.8592105263158,Bahrain
2022-02-01,GB,106.03352490421456,263.0771396904889,United Kingdom of Great Britain and Northern Ireland (the)
2022-02-01,IN,106.03352490421456,380.7713541630226,India
2022-02-01,SA,106.03352490421456,12.909915383148268,Saudi Arabia
2022-02-02,AE,318.10057471264366,69.13588516746411,United Arab Emirates (the)
2022-02-02,BH,167.5,1771.8592105263158,Bahrain
2022-02-03,AE,318.10057471264366,69.13588516746411,United Arab Emirates (the)
2022-02-03,BD,106.03352490421456,1173.3339699162489,Bangladesh
2022-02-03,BH,287.06704980842915,1771.8592105263158,Bahrain
2022-02-03,CH,75.0,196.76405746541656,Switzerland
2022-02-03,DE,248.5,226.4689795026637,Germany
2022-02-03,ES,106.03352490421456,95.2690781011932,Spain
2022-02-03,FR,75.0,103.37630106197412,France
2022-02-03,GB,106.03352490421456,263.0771396904889,United Kingdom of Great Britain and Northern Ireland (the)
2022-02-03,IN,591.6340996168583,380.7713541630226,India
2022-02-03,IT,106.03352490421456,205.2668746266676,Italy
2022-02-03,LB,106.03352490421456,594.6827884615385,Lebanon
2022-02-03,QA,106.03352490421456,189.43699292249264,Qatar
2022-02-03,SA,162.0,12.909915383148268,Saudi Arabia
2022-02-03,US,106.03352490421456,32.70372369087204,United States of America (the)
2022-02-04,AE,424.13409961685824,69.13588516746411,United Arab Emirates (the)
2022-02-04,BD,106.03352490421456,1173.3339699162489,Bangladesh
2022-02-04,DE,167.5,226.4689795026637,Germany
2022-02-04,FR,106.03352490421456,103.37630106197412,France
2022-02-04,GB,106.03352490421456,263.0771396904889,United Kingdom of Great Britain and Northern Ireland (the)
2022-02-04,IN,212.06704980842912,380.7713541630226,India
2022-02-04,PH,106.03352490421456,336.6612533333333,Philippines (the)
2022-02-04,UA,106.03352490421456,73.61357136939773,Ukraine
2022-02-04,US,106.03352490421456,32.70372369087204,United States of America (the)
2022-02-04,ZA,106.03352490421456,44.02920457062235,South Africa
2022-02-05,SA,287.06704980842915,12.909915383148268,Saudi Arabia
2022-02-08,DE,106.03352490421456,226.4689795026637,Germany
2022-02-08,SA,106.03352490421456,12.909915383148268,Saudi Arabia
2022-02-09,AE,318.10057471264366,69.13588516746411,United Arab Emirates (the)
2022-02-09,BD,106.03352490421456,1173.3339699162489,Bangladesh
2022-02-09,BE,212.06704980842912,370.9372707023061,Belgium
2022-02-09,ES,106.03352490421456,95.2690781011932,Spain
2022-02-09,HK,212.06704980842912,6445.041516245487,Hong Kong
2022-02-09,IN,167.5,380.7713541630226,India
2022-02-09,QA,106.03352490421456,189.43699292249264,Qatar
2022-02-10,AE,835.234674329502,69.13588516746411,United Arab Emirates (the)
2022-02-10,BH,106.03352490421456,1771.8592105263158,Bahrain
2022-02-10,CH,75.0,196.76405746541656,Switzerland
2022-02-10,CY,106.03352490421456,128.54794076316074,Cyprus
2022-02-10,ES,106.03352490421456,95.2690781011932,Spain
2022-02-10,FR,187.03352490421457,103.37630106197412,France
2022-02-10,GB,106.03352490421456,263.0771396904889,United Kingdom of Great Britain and Northern Ireland (the)
2022-02-10,IE,106.03352490421456,69.61855904828312,Ireland
2022-02-10,IN,653.1005747126437,380.7713541630226,India
2022-02-10,IT,106.03352490421456,205.2668746266676,Italy
2022-02-10,KR,106.03352490421456,492.531046931408,Korea (the Republic of)
2022-02-10,LB,106.03352490421456,594.6827884615385,Lebanon
2022-02-10,QA,287.06704980842915,189.43699292249264,Qatar
2022-02-10,TR,75.0,101.35033220089797,Turkey
2022-02-10,US,106.03352490421456,32.70372369087204,United States of America (the)
2022-02-11,AE,424.13409961685824,69.13588516746411,United Arab Emirates (the)
2022-02-11,AT,75.0,103.31997949231558,Austria
2022-02-11,BD,212.06704980842912,1173.3339699162489,Bangladesh
2022-02-11,CY,106.03352490421456,128.54794076316074,Cyprus
2022-02-11,GB,106.03352490421456,263.0771396904889,United Kingdom of Great Britain and Northern Ireland (the)
2022-02-11,IN,212.06704980842912,380.7713541630226,India
2022-02-11,NL,252.53352490421457,407.9605228317647,Netherlands (the)
2022-02-11,PH,106.03352490421456,336.6612533333333,Philippines (the)
2022-02-11,SA,380.0670498084292,12.909915383148268,Saudi Arabia
2022-02-11,UA,106.03352490421456,73.61357136939773,Ukraine
2022-02-11,US,106.03352490421456,32.70372369087204,United States of America (the)
2022-02-12,DE,106.03352490421456,226.4689795026637,Germany
2022-02-12,IN,106.03352490421456,380.7713541630226,India
2022-02-12,SA,212.06704980842912,12.909915383148268,Saudi Arabia
2022-02-13,SA,106.03352490421456,12.909915383148268,Saudi Arabia
2022-02-15,AE,169.03352490421457,69.13588516746411,United Arab Emirates (the)
2022-02-15,BD,106.03352490421456,1173.3339699162489,Bangladesh
2022-02-15,BE,106.03352490421456,370.9372707023061,Belgium
2022-02-15,BH,318.10057471264366,1771.8592105263158,Bahrain
2022-02-15,DE,212.06704980842912,226.4689795026637,Germany
2022-02-15,FR,187.03352490421457,103.37630106197412,France
2022-02-15,IN,167.5,380.7713541630226,India
2022-02-15,SA,106.03352490421456,12.909915383148268,Saudi Arabia
2022-02-16,AE,1246.3352490421455,69.13588516746411,United Arab Emirates (the)
2022-02-16,BD,106.03352490421456,1173.3339699162489,Bangladesh
2022-02-16,BH,212.06704980842912,1771.8592105263158,Bahrain
2022-02-16,CH,62.0,196.76405746541656,Switzerland
2022-02-16,DE,75.0,226.4689795026637,Germany
2022-02-16,ES,81.0,95.2690781011932,Spain
2022-02-16,FR,106.03352490421456,103.37630106197412,France
2022-02-16,GR,106.03352490421456,81.66026053941815,Greece
2022-02-16,IN,441.0335249042146,380.7713541630226,India
2022-02-16,IT,106.03352490421456,205.2668746266676,Italy
2022-02-16,LB,106.03352490421456,594.6827884615385,Lebanon
2022-02-16,QA,106.03352490421456,189.43699292249264,Qatar
2022-02-16,SA,106.03352490421456,12.909915383148268,Saudi Arabia
2022-02-16,US,106.03352490421456,32.70372369087204,United States of America (the)
2022-02-17,AE,605.1676245210728,69.13588516746411,United Arab Emirates (the)
2022-02-17,BD,106.03352490421456,1173.3339699162489,Bangladesh
2022-02-17,BE,106.03352490421456,370.9372707023061,Belgium
2022-02-17,CH,181.03352490421457,196.76405746541656,Switzerland
2022-02-17,DE,318.10057471264366,226.4689795026637,Germany
2022-02-17,ES,106.03352490421456,95.2690781011932,Spain
2022-02-17,FR,53.5,103.37630106197412,France
2022-02-17,GB,318.10057471264366,263.0771396904889,United Kingdom of Great Britain and Northern Ireland (the)
2022-02-17,GR,181.03352490421457,81.66026053941815,Greece
2022-02-17,HK,106.03352490421456,6445.041516245487,Hong Kong
2022-02-17,IN,865.1676245210729,380.7713541630225,India
2022-02-17,IT,106.03352490421456,205.2668746266676,Italy
2022-02-17,KR,106.03352490421456,492.531046931408,Korea (the Republic of)
2022-02-17,LB,106.03352490421456,594.6827884615385,Lebanon
2022-02-17,MA,106.03352490421456,74.6225484268279,Morocco
2022-02-17,SA,199.03352490421457,12.909915383148268,Saudi Arabia
2022-02-17,US,106.03352490421456,32.70372369087204,United States of America (the)
2022-02-18,AE,1002.734674329502,69.13588516746411,United Arab Emirates (the)
2022-02-18,BH,106.03352490421456,1771.8592105263158,Bahrain
2022-02-18,CH,75.0,196.76405746541656,Switzerland
2022-02-18,FR,212.06704980842912,103.37630106197412,France
2022-02-18,GB,106.03352490421456,263.0771396904889,United Kingdom of Great Britain and Northern Ireland (the)
2022-02-18,IN,454.5670498084292,380.7713541630226,India
2022-02-18,KR,106.03352490421456,492.531046931408,Korea (the Republic of)
2022-02-18,LB,106.03352490421456,594.6827884615385,Lebanon
2022-02-18,PH,106.03352490421456,336.6612533333333,Philippines (the)
2022-02-18,SA,106.03352490421456,12.909915383148268,Saudi Arabia
2022-02-18,UA,106.03352490421456,73.61357136939773,Ukraine
2022-02-18,US,106.03352490421456,32.70372369087204,United States of America (the)
2022-02-19,AE,941.2681992337166,69.13588516746411,United Arab Emirates (the)
2022-02-19,BE,212.06704980842912,370.9372707023061,Belgium
2022-02-19,BH,256.0335249042146,1771.8592105263158,Bahrain
2022-02-19,CH,168.03352490421457,196.76405746541656,Switzerland
2022-02-19,ES,81.0,95.2690781011932,Spain
2022-02-19,GB,212.06704980842912,263.0771396904889,United Kingdom of Great Britain and Northern Ireland (the)
2022-02-19,GR,54.0,81.66026053941815,Greece
2022-02-19,IN,485.6005747126437,380.7713541630226,India
2022-02-19,MY,106.03352490421456,92.50909664177634,Malaysia
2022-02-19,QA,106.03352490421456,189.43699292249264,Qatar
2022-02-19,SA,169.03352490421457,12.909915383148268,Saudi Arabia
2022-02-19,US,106.03352490421456,32.70372369087204,United States of America (the)
2022-02-20,FR,106.03352490421456,103.37630106197412,France
2022-02-20,MY,106.03352490421456,92.50909664177634,Malaysia
2022-02-20,SA,186.0,12.909915383148268,Saudi Arabia
2022-02-21,IN,106.03352490421456,380.7713541630226,India
2022-02-21,SA,212.06704980842912,12.909915383148268,Saudi Arabia
2022-02-22,AE,106.03352490421456,69.13588516746411,United Arab Emirates (the)
2022-02-22,BH,93.0,1771.8592105263158,Bahrain
2022-02-23,AE,1352.3687739463603,69.13588516746411,United Arab Emirates (the)
2022-02-23,BD,212.06704980842912,1173.3339699162489,Bangladesh
2022-02-23,BE,106.03352490421456,370.9372707023061,Belgium
2022-02-23,BH,181.03352490421457,1771.8592105263158,Bahrain
2022-02-23,DE,393.1005747126437,226.4689795026637,Germany
2022-02-23,FR,106.03352490421456,103.37630106197412,France
2022-02-23,IE,106.03352490421456,69.61855904828312,Ireland
2022-02-23,IN,354.5335249042146,380.7713541630226,India
2022-02-23,IT,106.03352490421456,205.2668746266676,Italy
2022-02-23,PH,106.03352490421456,336.6612533333333,Philippines (the)
2022-02-23,QA,106.03352490421456,189.43699292249264,Qatar
2022-02-23,US,212.06704980842912,32.70372369087204,United States of America (the)
2022-02-24,AE,1484.4693486590038,69.13588516746411,United Arab Emirates (the)
2022-02-24,BE,106.03352490421456,370.9372707023061,Belgium
2022-02-24,BH,362.0670498084292,1771.8592105263158,Bahrain
2022-02-24,CH,75.0,196.76405746541656,Switzerland
2022-02-24,CY,106.03352490421456,128.54794076316074,Cyprus
2022-02-24,DE,187.03352490421457,226.4689795026637,Germany
2022-02-24,ES,212.06704980842912,95.2690781011932,Spain
2022-02-24,GB,371.60057471264366,263.0771396904889,United Kingdom of Great Britain and Northern Ireland (the)
2022-02-24,HK,106.03352490421456,6445.041516245487,Hong Kong
2022-02-24,IN,653.1005747126437,380.7713541630226,India
2022-02-24,IT,106.03352490421456,205.2668746266676,Italy
2022-02-24,KR,106.03352490421456,492.531046931408,Korea (the Republic of)
2022-02-24,LB,75.0,594.6827884615385,Lebanon
2022-02-24,MA,106.03352490421456,74.6225484268279,Morocco
2022-02-24,NL,106.03352490421456,407.9605228317647,Netherlands (the)
2022-02-24,QA,106.03352490421456,189.43699292249264,Qatar
2022-02-24,TR,75.0,101.35033220089797,Turkey
2022-02-24,US,106.03352490421456,32.70372369087204,United States of America (the)
2022-02-25,AE,1165.7681992337166,69.13588516746411,United Arab Emirates (the)
2022-02-25,BE,81.0,370.9372707023061,Belgium
2022-02-25,BH,106.03352490421456,1771.8592105263158,Bahrain
2022-02-25,CH,62.0,196.76405746541656,Switzerland
2022-02-25,DE,156.0,226.4689795026637,Germany
2022-02-25,GB,318.10057471264366,263.0771396904889,United Kingdom of Great Britain and Northern Ireland (the)
2022-02-25,HK,106.03352490421456,6445.041516245487,Hong Kong
2022-02-25,IE,106.03352490421456,69.61855904828312,Ireland
2022-02-25,IN,212.06704980842912,380.7713541630226,India
2022-02-25,LB,106.03352490421456,594.6827884615385,Lebanon
2022-02-25,MA,106.03352490421456,74.6225484268279,Morocco
2022-02-25,NL,106.03352490421456,407.9605228317647,Netherlands (the)
2022-02-25,PH,106.03352490421456,336.6612533333333,Philippines (the)
2022-02-25,SA,106.03352490421456,12.909915383148268,Saudi Arabia
2022-02-26,AE,305.06704980842915,69.13588516746411,United Arab Emirates (the)
2022-02-26,BH,287.06704980842915,1771.8592105263158,Bahrain
2022-02-26,GB,252.53352490421457,263.0771396904889,United Kingdom of Great Britain and Northern Ireland (the)
2022-02-26,LB,106.03352490421456,594.6827884615385,Lebanon
2022-02-26,MA,81.0,74.6225484268279,Morocco
2022-02-26,QA,106.03352490421456,189.43699292249264,Qatar
2022-02-26,SA,349.0335249042146,12.909915383148268,Saudi Arabia
2022-02-26,US,106.03352490421456,32.70372369087204,United States of America (the)
2022-02-27,BH,75.0,1771.8592105263158,Bahrain
2022-02-27,IN,106.03352490421456,380.7713541630226,India
2022-02-27,SA,106.03352490421456,12.909915383148268,Saudi Arabia
2022-02-28,AE,636.2011494252873,69.13588516746411,United Arab Emirates (the)
2022-02-28,GB,106.03352490421456,263.0771396904889,United Kingdom of Great Britain and Northern Ireland (the)
2022-02-28,IN,212.06704980842912,380.7713541630226,India
